Region,Date,Actual,Predicted,Delta
Coast,12/1/2015,227423.92,233052.13,2.47%
East,12/1/2015,33212.10,31223.12,5.99%
FarWest,12/1/2015,48825.61,49577.30,1.54%
North,12/1/2015,20166.86,20169.49,0.01%
NorthCentral,12/1/2015,306963.36,301378.48,1.82%
South,12/1/2015,67605.26,67636.05,0.05%
SouthCentral,12/1/2015,138575.52,137621.24,0.69%
Totals,12/1/2015,868957.61,867765.65,0.14%
West,12/1/2015,26184.99,27107.88,3.52%
Coast,12/2/2015,229595.87,234030.43,1.93%
East,12/2/2015,33126.06,32046.88,3.26%
FarWest,12/2/2015,49360.78,50411.35,2.13%
North,12/2/2015,20046.93,19656.66,1.95%
NorthCentral,12/2/2015,303939.84,299611.10,1.42%
South,12/2/2015,67222.97,67087.57,0.20%
SouthCentral,12/2/2015,136485.93,137800.98,0.96%
Totals,12/2/2015,866020.60,867904.21,0.22%
West,12/2/2015,26242.21,27259.21,3.88%
Coast,12/3/2015,232845.43,241499.66,3.72%
East,12/3/2015,33297.82,32584.24,2.14%
FarWest,12/3/2015,48522.22,49817.73,2.67%
North,12/3/2015,19333.59,19148.56,0.96%
NorthCentral,12/3/2015,293618.00,294526.15,0.31%
South,12/3/2015,67738.37,68721.25,1.45%
SouthCentral,12/3/2015,145896.60,142793.83,2.13%
Totals,12/3/2015,868274.47,876115.57,0.90%
West,12/3/2015,27022.40,27024.10,0.01%
Coast,12/4/2015,239459.81,243474.06,1.68%
East,12/4/2015,31970.94,32326.17,1.11%
FarWest,12/4/2015,49176.86,49630.73,0.92%
North,12/4/2015,18838.56,18610.94,1.21%
NorthCentral,12/4/2015,286642.71,291424.02,1.67%
South,12/4/2015,69430.67,69826.38,0.57%
SouthCentral,12/4/2015,142544.62,145525.48,2.09%
Totals,12/4/2015,864268.08,877967.23,1.59%
West,12/4/2015,26203.89,27149.43,3.61%
Coast,12/5/2015,224544.60,231420.81,3.06%
East,12/5/2015,30361.38,29513.22,2.79%
FarWest,12/5/2015,49168.77,48622.63,1.11%
North,12/5/2015,18477.17,18253.81,1.21%
NorthCentral,12/5/2015,276840.15,280855.47,1.45%
South,12/5/2015,63906.04,64668.93,1.19%
SouthCentral,12/5/2015,136024.69,136495.55,0.35%
Totals,12/5/2015,824443.87,834919.34,1.27%
West,12/5/2015,25121.08,25088.97,0.13%
Coast,12/6/2015,213906.77,223825.77,4.64%
East,12/6/2015,28148.78,27790.83,1.27%
FarWest,12/6/2015,48692.97,49401.66,1.46%
North,12/6/2015,17934.36,17885.18,0.27%
NorthCentral,12/6/2015,257632.15,259809.56,0.85%
South,12/6/2015,60693.54,62153.65,2.41%
SouthCentral,12/6/2015,129426.39,128738.88,0.53%
Totals,12/6/2015,780841.02,794507.06,1.75%
West,12/6/2015,24406.10,24901.48,2.03%
Coast,12/7/2015,230861.03,234427.13,1.54%
East,12/7/2015,30482.38,30629.90,0.48%
FarWest,12/7/2015,50054.17,49560.75,0.99%
North,12/7/2015,18895.94,18637.17,1.37%
NorthCentral,12/7/2015,276779.99,278199.13,0.51%
South,12/7/2015,63776.92,65456.22,2.63%
SouthCentral,12/7/2015,133588.49,137521.96,2.94%
Totals,12/7/2015,829697.91,840791.26,1.34%
West,12/7/2015,25258.99,26359.00,4.35%
Coast,12/8/2015,232150.20,234935.10,1.20%
East,12/8/2015,30329.75,29563.96,2.52%
FarWest,12/8/2015,49532.78,48631.25,1.82%
North,12/8/2015,18343.46,17793.72,3.00%
NorthCentral,12/8/2015,265970.62,262603.86,1.27%
South,12/8/2015,64771.53,65174.47,0.62%
SouthCentral,12/8/2015,132194.46,135174.45,2.25%
Totals,12/8/2015,817725.25,818867.08,0.14%
West,12/8/2015,24432.46,24990.26,2.28%
Coast,12/9/2015,232801.91,235662.36,1.23%
East,12/9/2015,29127.05,28730.61,1.36%
FarWest,12/9/2015,49786.17,49122.68,1.33%
North,12/9/2015,17992.44,17599.65,2.18%
NorthCentral,12/9/2015,259482.89,259337.07,0.06%
South,12/9/2015,66351.80,66319.42,0.05%
SouthCentral,12/9/2015,129409.68,129480.04,0.05%
Totals,12/9/2015,809193.28,811088.77,0.23%
West,12/9/2015,24241.43,24837.00,2.46%
Coast,12/10/2015,237503.49,238068.92,0.24%
East,12/10/2015,29792.31,27928.90,6.25%
FarWest,12/10/2015,48522.76,48340.42,0.38%
North,12/10/2015,17773.01,17377.94,2.22%
NorthCentral,12/10/2015,259967.79,256157.95,1.47%
South,12/10/2015,68284.18,66719.40,2.29%
SouthCentral,12/10/2015,128596.86,125499.11,2.41%
Totals,12/10/2015,814894.62,804211.95,1.31%
West,12/10/2015,24454.26,24119.33,1.37%
Coast,12/11/2015,254081.85,243605.45,4.12%
East,12/11/2015,27296.58,27664.97,1.35%
FarWest,12/11/2015,49346.71,48310.26,2.10%
North,12/11/2015,17307.29,17435.34,0.74%
NorthCentral,12/11/2015,256136.59,257592.80,0.57%
South,12/11/2015,70089.59,67836.65,3.21%
SouthCentral,12/11/2015,129686.67,127962.36,1.33%
Totals,12/11/2015,827447.63,814578.82,1.56%
West,12/11/2015,23502.28,24171.00,2.85%
Coast,12/12/2015,244683.00,236748.62,3.24%
East,12/12/2015,26155.66,24751.86,5.37%
FarWest,12/12/2015,48828.54,47782.92,2.14%
North,12/12/2015,16392.04,16353.31,0.24%
NorthCentral,12/12/2015,243212.24,237610.49,2.30%
South,12/12/2015,69600.80,67198.19,3.45%
SouthCentral,12/12/2015,128386.19,123286.03,3.97%
Totals,12/12/2015,799504.80,775832.22,2.96%
West,12/12/2015,22246.33,22100.84,0.65%
Coast,12/13/2015,220898.22,225854.66,2.24%
East,12/13/2015,25241.26,26461.47,4.83%
FarWest,12/13/2015,49474.42,49353.48,0.24%
North,12/13/2015,17050.93,17604.58,3.25%
NorthCentral,12/13/2015,244229.75,247779.33,1.45%
South,12/13/2015,62804.82,63884.65,1.72%
SouthCentral,12/13/2015,120543.84,126465.93,4.91%
Totals,12/13/2015,763233.40,781291.97,2.37%
West,12/13/2015,22990.20,23887.87,3.90%
Coast,12/14/2015,234979.36,234772.90,0.09%
East,12/14/2015,29349.08,29315.73,0.11%
FarWest,12/14/2015,50018.53,49331.73,1.37%
North,12/14/2015,18310.05,18264.45,0.25%
NorthCentral,12/14/2015,265688.68,259857.65,2.19%
South,12/14/2015,66577.54,68817.52,3.36%
SouthCentral,12/14/2015,132758.63,133695.84,0.71%
Totals,12/14/2015,821950.06,819122.36,0.34%
West,12/14/2015,24268.19,25066.61,3.29%
Coast,12/15/2015,235167.14,237770.89,1.11%
East,12/15/2015,29360.68,28110.75,4.26%
FarWest,12/15/2015,50192.12,49685.94,1.01%
North,12/15/2015,18133.30,17709.33,2.34%
NorthCentral,12/15/2015,261557.93,257325.92,1.62%
South,12/15/2015,69268.11,67437.46,2.64%
SouthCentral,12/15/2015,128574.30,126969.11,1.25%
Totals,12/15/2015,815637.45,808555.39,0.87%
West,12/15/2015,23383.95,23546.03,0.69%
Coast,12/16/2015,227592.00,232922.14,2.34%
East,12/16/2015,28698.52,29578.26,3.07%
FarWest,12/16/2015,51612.16,51237.58,0.73%
North,12/16/2015,19086.07,19450.56,1.91%
NorthCentral,12/16/2015,274945.02,280999.05,2.20%
South,12/16/2015,64369.27,63595.61,1.20%
SouthCentral,12/16/2015,128131.34,130076.14,1.52%
Totals,12/16/2015,819966.90,834099.15,1.72%
West,12/16/2015,25532.54,26239.80,2.77%
Coast,12/17/2015,233145.37,238740.71,2.40%
East,12/17/2015,32208.78,32643.79,1.35%
FarWest,12/17/2015,51449.10,51224.10,0.44%
North,12/17/2015,20588.83,20649.60,0.30%
NorthCentral,12/17/2015,302186.00,305783.31,1.19%
South,12/17/2015,65320.41,67041.15,2.63%
SouthCentral,12/17/2015,142319.29,142619.17,0.21%
Totals,12/17/2015,874229.13,886684.31,1.42%
West,12/17/2015,27011.40,27982.48,3.60%
Coast,12/18/2015,240229.92,243657.44,1.43%
East,12/18/2015,31428.98,34302.55,9.14%
FarWest,12/18/2015,51825.95,51102.09,1.40%
North,12/18/2015,20363.24,21028.84,3.27%
NorthCentral,12/18/2015,312926.63,320602.51,2.45%
South,12/18/2015,69222.85,70704.36,2.14%
SouthCentral,12/18/2015,146877.74,149358.54,1.69%
Totals,12/18/2015,901031.36,918923.07,1.99%
West,12/18/2015,28156.02,28166.76,0.04%
Coast,12/19/2015,228995.29,229883.75,0.39%
East,12/19/2015,29956.85,29586.60,1.24%
FarWest,12/19/2015,50105.73,49014.48,2.18%
North,12/19/2015,19237.17,18855.47,1.98%
NorthCentral,12/19/2015,284388.77,281573.82,0.99%
South,12/19/2015,67370.06,68765.53,2.07%
SouthCentral,12/19/2015,140913.56,138100.80,2.00%
Totals,12/19/2015,846946.68,841403.48,0.65%
West,12/19/2015,25979.22,25623.02,1.37%
Coast,12/20/2015,213297.25,220442.34,3.35%
East,12/20/2015,27317.78,26518.85,2.92%
FarWest,12/20/2015,48449.64,47586.78,1.78%
North,12/20/2015,17936.76,16889.92,5.84%
NorthCentral,12/20/2015,258425.58,247904.49,4.07%
South,12/20/2015,61474.07,62707.00,2.01%
SouthCentral,12/20/2015,123520.57,122228.12,1.05%
Totals,12/20/2015,773329.41,766854.35,0.84%
West,12/20/2015,22907.79,22576.80,1.44%
Coast,12/21/2015,230379.36,233575.86,1.39%
East,12/21/2015,27047.37,27542.18,1.83%
FarWest,12/21/2015,48887.70,48993.26,0.22%
North,12/21/2015,17272.07,17528.83,1.49%
NorthCentral,12/21/2015,248376.36,251782.89,1.37%
South,12/21/2015,64974.27,64814.64,0.25%
SouthCentral,12/21/2015,126263.28,125532.05,0.58%
Totals,12/21/2015,785955.93,794118.07,1.04%
West,12/21/2015,22755.57,24348.34,7.00%
Coast,12/22/2015,231025.09,235793.53,2.06%
East,12/22/2015,28337.72,29072.16,2.59%
FarWest,12/22/2015,49055.89,48552.51,1.03%
North,12/22/2015,18183.87,17973.84,1.16%
NorthCentral,12/22/2015,262062.94,260860.93,0.46%
South,12/22/2015,66298.33,66816.87,0.78%
SouthCentral,12/22/2015,126382.27,130194.97,3.02%
Totals,12/22/2015,805394.82,814145.55,1.09%
West,12/22/2015,24048.67,24880.71,3.46%
Coast,12/23/2015,244813.50,240173.86,1.90%
East,12/23/2015,27765.85,27340.65,1.53%
FarWest,12/23/2015,47825.52,48139.80,0.66%
North,12/23/2015,17053.07,17188.64,0.79%
NorthCentral,12/23/2015,246568.28,248901.75,0.95%
South,12/23/2015,67976.01,66465.38,2.22%
SouthCentral,12/23/2015,126864.25,124512.25,1.85%
Totals,12/23/2015,801108.05,796088.42,0.63%
West,12/23/2015,22241.54,23366.13,5.06%
Coast,12/24/2015,233263.49,236420.69,1.35%
East,12/24/2015,25841.74,25740.28,0.39%
FarWest,12/24/2015,44774.28,46302.14,3.41%
North,12/24/2015,16758.43,17163.55,2.42%
NorthCentral,12/24/2015,239044.75,240906.20,0.78%
South,12/24/2015,68327.20,67379.95,1.39%
SouthCentral,12/24/2015,121596.97,122360.98,0.63%
Totals,12/24/2015,772558.82,780247.60,1.00%
West,12/24/2015,22952.05,23973.76,4.45%
Coast,12/25/2015,246000.77,241002.55,2.03%
East,12/25/2015,23358.48,25407.98,8.77%
FarWest,12/25/2015,45986.37,47098.47,2.42%
North,12/25/2015,16496.53,17413.43,5.56%
NorthCentral,12/25/2015,227708.33,240527.82,5.63%
South,12/25/2015,67573.29,67980.19,0.60%
SouthCentral,12/25/2015,112747.37,120844.95,7.18%
Totals,12/25/2015,761742.90,784133.86,2.94%
West,12/25/2015,21871.76,23858.49,9.08%
Coast,12/26/2015,246397.68,238963.32,3.02%
East,12/26/2015,25144.53,24975.01,0.67%
FarWest,12/26/2015,47343.98,48082.26,1.56%
North,12/26/2015,16752.57,17321.81,3.40%
NorthCentral,12/26/2015,233481.57,236558.31,1.32%
South,12/26/2015,72451.22,68578.47,5.35%
SouthCentral,12/26/2015,125672.76,124853.36,0.65%
Totals,12/26/2015,789748.59,781744.91,1.01%
West,12/26/2015,22504.30,22412.37,0.41%
Coast,12/27/2015,227617.29,228513.99,0.39%
East,12/27/2015,24343.69,25932.54,6.53%
FarWest,12/27/2015,53260.64,52090.82,2.20%
North,12/27/2015,19892.81,20548.79,3.30%
NorthCentral,12/27/2015,274645.53,299659.11,9.11%
South,12/27/2015,67240.36,68059.38,1.22%
SouthCentral,12/27/2015,131582.63,135953.85,3.32%
Totals,12/27/2015,827879.07,859719.56,3.85%
West,12/27/2015,29296.16,28961.10,1.14%
Coast,12/28/2015,240895.47,251143.45,4.25%
East,12/28/2015,33924.08,35190.42,3.73%
FarWest,12/28/2015,51353.68,51995.51,1.25%
North,12/28/2015,21805.92,21603.78,0.93%
NorthCentral,12/28/2015,352132.79,338794.34,3.79%
South,12/28/2015,74705.41,75268.35,0.75%
SouthCentral,12/28/2015,165514.62,159466.58,3.65%
Totals,12/28/2015,972688.11,964341.26,0.86%
West,12/28/2015,32356.11,30878.84,4.57%
Coast,12/29/2015,242618.65,245940.20,1.37%
East,12/29/2015,34331.20,34545.73,0.62%
FarWest,12/29/2015,51371.22,51510.92,0.27%
North,12/29/2015,21720.48,21698.93,0.10%
NorthCentral,12/29/2015,335637.19,334104.41,0.46%
South,12/29/2015,71739.15,71823.56,0.12%
SouthCentral,12/29/2015,158484.03,154648.50,2.42%
Totals,12/29/2015,945996.32,943767.87,0.24%
West,12/29/2015,30094.39,29495.69,1.99%
Coast,12/30/2015,237015.46,237136.65,0.05%
East,12/30/2015,31902.93,32498.08,1.87%
FarWest,12/30/2015,52047.36,51563.61,0.93%
North,12/30/2015,20325.08,20691.89,1.80%
NorthCentral,12/30/2015,307130.93,310908.12,1.23%
South,12/30/2015,70880.14,69912.12,1.37%
SouthCentral,12/30/2015,142562.88,141952.41,0.43%
Totals,12/30/2015,890584.01,893359.19,0.31%
West,12/30/2015,28719.17,28696.26,0.08%
Coast,12/31/2015,233228.97,232732.13,0.21%
East,12/31/2015,32368.62,30460.57,5.89%
FarWest,12/31/2015,50981.71,51387.67,0.80%
North,12/31/2015,20537.01,20272.50,1.29%
NorthCentral,12/31/2015,309041.12,309548.53,0.16%
South,12/31/2015,72159.81,70592.89,2.17%
SouthCentral,12/31/2015,143605.66,139897.29,2.58%
Totals,12/31/2015,891497.23,882370.69,1.02%
West,12/31/2015,29574.29,27479.09,7.08%
Coast,1/1/2016,233609.69,237370.78,1.61%
East,1/1/2016,30320.52,30776.49,1.50%
FarWest,1/1/2016,51953.52,51813.23,0.27%
North,1/1/2016,19872.64,20399.26,2.65%
NorthCentral,1/1/2016,300551.10,313346.04,4.26%
South,1/1/2016,78573.07,76646.67,2.45%
SouthCentral,1/1/2016,149396.69,144648.45,3.18%
Totals,1/1/2016,892883.09,902823.62,1.11%
West,1/1/2016,28605.90,27822.74,2.74%
Coast,1/2/2016,239230.80,238030.40,0.50%
East,1/2/2016,30959.87,30940.30,0.06%
FarWest,1/2/2016,51387.51,51256.52,0.25%
North,1/2/2016,19681.57,19663.25,0.09%
NorthCentral,1/2/2016,293655.33,298493.93,1.65%
South,1/2/2016,91069.54,81066.99,10.98%
SouthCentral,1/2/2016,157062.87,147937.53,5.81%
Totals,1/2/2016,912469.96,895321.28,1.88%
West,1/2/2016,29422.41,27932.30,5.06%
Coast,1/3/2016,225834.51,233247.95,3.28%
East,1/3/2016,28014.25,29631.85,5.77%
FarWest,1/3/2016,48710.12,50151.57,2.96%
North,1/3/2016,19290.56,19982.70,3.59%
NorthCentral,1/3/2016,276992.56,289297.90,4.44%
South,1/3/2016,85162.12,79342.87,6.83%
SouthCentral,1/3/2016,139839.96,137147.81,1.93%
Totals,1/3/2016,850403.22,865589.45,1.79%
West,1/3/2016,26559.19,26786.76,0.86%
Coast,1/4/2016,246189.19,243406.47,1.13%
East,1/4/2016,33345.10,32218.65,3.38%
FarWest,1/4/2016,50697.63,50786.93,0.18%
North,1/4/2016,20761.55,20330.96,2.07%
NorthCentral,1/4/2016,314771.78,299783.79,4.76%
South,1/4/2016,79408.63,79318.04,0.11%
SouthCentral,1/4/2016,152488.16,144697.14,5.11%
Totals,1/4/2016,926992.92,898619.00,3.06%
West,1/4/2016,29330.93,28077.02,4.28%
Coast,1/5/2016,252784.33,250205.98,1.02%
East,1/5/2016,37282.19,35488.06,4.81%
FarWest,1/5/2016,52063.72,50949.09,2.14%
North,1/5/2016,22079.95,21396.19,3.10%
NorthCentral,1/5/2016,336068.30,329913.35,1.83%
South,1/5/2016,77151.73,72279.07,6.32%
SouthCentral,1/5/2016,156381.40,148656.55,4.94%
Totals,1/5/2016,963461.25,936930.60,2.75%
West,1/5/2016,29649.69,28042.30,5.42%
Coast,1/6/2016,247712.60,238476.09,3.73%
East,1/6/2016,35122.98,32429.32,7.67%
FarWest,1/6/2016,51428.13,50257.88,2.28%
North,1/6/2016,21175.91,19653.95,7.19%
NorthCentral,1/6/2016,318680.28,302744.05,5.00%
South,1/6/2016,67550.95,66358.39,1.77%
SouthCentral,1/6/2016,146581.51,140551.92,4.11%
Totals,1/6/2016,916156.97,876987.74,4.28%
West,1/6/2016,27904.55,26516.11,4.98%
Coast,1/7/2016,230797.22,231742.02,0.41%
East,1/7/2016,28200.59,29101.07,3.19%
FarWest,1/7/2016,51740.01,50010.35,3.34%
North,1/7/2016,18542.52,17812.32,3.94%
NorthCentral,1/7/2016,275861.95,266731.10,3.31%
South,1/7/2016,63721.99,64754.78,1.62%
SouthCentral,1/7/2016,128909.23,131149.83,1.74%
Totals,1/7/2016,824724.51,816742.33,0.97%
West,1/7/2016,26951.01,25440.93,5.60%
Coast,1/8/2016,230905.21,233433.54,1.09%
East,1/8/2016,27564.69,29172.14,5.83%
FarWest,1/8/2016,50794.72,50140.07,1.29%
North,1/8/2016,19336.19,19581.94,1.27%
NorthCentral,1/8/2016,278649.06,273537.81,1.83%
South,1/8/2016,62239.69,65410.52,5.09%
SouthCentral,1/8/2016,131800.19,136088.84,3.25%
Totals,1/8/2016,827316.42,832646.78,0.64%
West,1/8/2016,26026.71,25281.98,2.86%
Coast,1/9/2016,237239.39,233521.91,1.57%
East,1/9/2016,30750.91,30283.91,1.52%
FarWest,1/9/2016,52161.39,51352.59,1.55%
North,1/9/2016,21528.41,21076.42,2.10%
NorthCentral,1/9/2016,321516.86,315835.47,1.77%
South,1/9/2016,63564.44,65036.99,2.32%
SouthCentral,1/9/2016,136550.50,135427.91,0.82%
Totals,1/9/2016,892006.83,880320.56,1.31%
West,1/9/2016,28694.89,27785.38,3.17%
Coast,1/10/2016,256864.10,250092.42,2.64%
East,1/10/2016,35479.55,34442.59,2.92%
FarWest,1/10/2016,50935.60,50931.10,0.01%
North,1/10/2016,22471.03,22205.29,1.18%
NorthCentral,1/10/2016,346825.53,343320.19,1.01%
South,1/10/2016,76315.39,77290.11,1.28%
SouthCentral,1/10/2016,158721.60,152720.66,3.78%
Totals,1/10/2016,977394.33,959953.06,1.78%
West,1/10/2016,29781.58,28950.60,2.79%
Coast,1/11/2016,270503.95,257141.55,4.94%
East,1/11/2016,37317.44,35493.10,4.89%
FarWest,1/11/2016,50602.48,50938.15,0.66%
North,1/11/2016,21977.84,21127.21,3.87%
NorthCentral,1/11/2016,346253.78,334395.09,3.42%
South,1/11/2016,85224.79,78196.79,8.25%
SouthCentral,1/11/2016,163135.57,155251.65,4.83%
Totals,1/11/2016,1004341.48,961444.53,4.27%
West,1/11/2016,29325.64,28901.04,1.45%
Coast,1/12/2016,254447.98,248647.97,2.28%
East,1/12/2016,35540.34,33356.57,6.14%
FarWest,1/12/2016,51642.81,51316.60,0.63%
North,1/12/2016,20582.45,20059.51,2.54%
NorthCentral,1/12/2016,311330.19,305035.33,2.02%
South,1/12/2016,76514.08,71393.51,6.69%
SouthCentral,1/12/2016,152381.79,147662.92,3.10%
Totals,1/12/2016,931465.36,905345.45,2.80%
West,1/12/2016,29025.74,27873.04,3.97%
Coast,1/13/2016,248708.82,245884.21,1.14%
East,1/13/2016,33055.72,31785.52,3.84%
FarWest,1/13/2016,51407.72,50403.35,1.95%
North,1/13/2016,19646.98,19257.49,1.98%
NorthCentral,1/13/2016,287914.75,284648.62,1.13%
South,1/13/2016,74075.65,70303.69,5.09%
SouthCentral,1/13/2016,143177.16,143384.95,0.15%
Totals,1/13/2016,885740.67,872605.97,1.48%
West,1/13/2016,27753.89,26938.15,2.94%
Coast,1/14/2016,239533.30,235017.59,1.89%
East,1/14/2016,29628.39,30115.00,1.64%
FarWest,1/14/2016,51959.39,50069.67,3.64%
North,1/14/2016,18360.24,18356.47,0.02%
NorthCentral,1/14/2016,273742.53,269473.85,1.56%
South,1/14/2016,68036.50,65567.74,3.63%
SouthCentral,1/14/2016,132001.86,132319.89,0.24%
Totals,1/14/2016,839661.50,826544.98,1.56%
West,1/14/2016,26399.16,25624.72,2.93%
Coast,1/15/2016,230381.57,232109.82,0.75%
East,1/15/2016,27229.15,29161.50,7.10%
FarWest,1/15/2016,50088.38,49594.55,0.99%
North,1/15/2016,18191.40,18482.43,1.60%
NorthCentral,1/15/2016,265669.16,265953.42,0.11%
South,1/15/2016,65773.77,66689.56,1.39%
SouthCentral,1/15/2016,128469.56,130949.25,1.93%
Totals,1/15/2016,811492.43,818469.50,0.86%
West,1/15/2016,25689.43,25528.99,0.62%
Coast,1/16/2016,239915.93,232431.45,3.12%
East,1/16/2016,30562.94,30404.77,0.52%
FarWest,1/16/2016,49541.23,49690.51,0.30%
North,1/16/2016,20598.97,20449.53,0.73%
NorthCentral,1/16/2016,301944.44,305923.18,1.32%
South,1/16/2016,65105.28,64470.15,0.98%
SouthCentral,1/16/2016,135442.49,135575.37,0.10%
Totals,1/16/2016,869261.12,865175.88,0.47%
West,1/16/2016,26149.85,26230.91,0.31%
Coast,1/17/2016,242242.46,243616.52,0.57%
East,1/17/2016,31930.16,32195.22,0.83%
FarWest,1/17/2016,48300.08,49185.02,1.83%
North,1/17/2016,20401.71,20573.12,0.84%
NorthCentral,1/17/2016,308378.50,310953.95,0.84%
South,1/17/2016,70691.04,72950.80,3.20%
SouthCentral,1/17/2016,145945.54,146910.52,0.66%
Totals,1/17/2016,895208.96,903856.38,0.97%
West,1/17/2016,27319.40,27471.20,0.56%
Coast,1/18/2016,255474.11,249175.11,2.47%
East,1/18/2016,34029.12,34050.74,0.06%
FarWest,1/18/2016,50314.93,50701.95,0.77%
North,1/18/2016,22452.90,22064.94,1.73%
NorthCentral,1/18/2016,339310.20,334142.30,1.52%
South,1/18/2016,69899.46,70579.82,0.97%
SouthCentral,1/18/2016,150292.64,149471.07,0.55%
Totals,1/18/2016,951322.19,939621.99,1.23%
West,1/18/2016,29548.90,29436.11,0.38%
Coast,1/19/2016,244296.26,238471.45,2.38%
East,1/19/2016,33007.01,30988.33,6.12%
FarWest,1/19/2016,49954.17,49268.32,1.37%
North,1/19/2016,21338.64,20412.44,4.34%
NorthCentral,1/19/2016,307092.77,294650.90,4.05%
South,1/19/2016,65869.06,66352.42,0.73%
SouthCentral,1/19/2016,139028.29,136945.96,1.50%
Totals,1/19/2016,887595.49,862638.89,2.81%
West,1/19/2016,27009.29,25549.19,5.41%
Coast,1/20/2016,236283.18,234130.16,0.91%
East,1/20/2016,31202.61,31530.08,1.05%
FarWest,1/20/2016,50344.39,49923.96,0.84%
North,1/20/2016,21804.76,21616.64,0.86%
NorthCentral,1/20/2016,321564.73,314747.24,2.12%
South,1/20/2016,63057.00,64398.52,2.13%
SouthCentral,1/20/2016,135974.36,136841.09,0.64%
Totals,1/20/2016,887907.71,879891.52,0.90%
West,1/20/2016,27676.63,26703.89,3.51%
Coast,1/21/2016,240868.04,235280.86,2.32%
East,1/21/2016,31755.17,31165.22,1.86%
FarWest,1/21/2016,51919.37,50314.78,3.09%
North,1/21/2016,21862.59,20936.14,4.24%
NorthCentral,1/21/2016,327279.47,305039.83,6.80%
South,1/21/2016,62999.38,63227.02,0.36%
SouthCentral,1/21/2016,131539.17,131878.79,0.26%
Totals,1/21/2016,895086.43,864082.13,3.46%
West,1/21/2016,26863.23,26239.50,2.32%
Coast,1/22/2016,273503.66,254626.91,6.90%
East,1/22/2016,36343.53,35172.31,3.22%
FarWest,1/22/2016,51798.22,51060.07,1.43%
North,1/22/2016,22394.18,21462.78,4.16%
NorthCentral,1/22/2016,350666.97,337191.89,3.84%
South,1/22/2016,66461.71,69006.80,3.83%
SouthCentral,1/22/2016,152223.24,150402.94,1.20%
Totals,1/22/2016,982107.72,947425.68,3.53%
West,1/22/2016,28716.20,28501.96,0.75%
Coast,1/23/2016,261924.82,251466.40,3.99%
East,1/23/2016,34764.59,33397.30,3.93%
FarWest,1/23/2016,49890.74,49307.52,1.17%
North,1/23/2016,21050.38,21087.05,0.17%
NorthCentral,1/23/2016,329748.30,326129.15,1.10%
South,1/23/2016,72280.70,73316.61,1.43%
SouthCentral,1/23/2016,150628.57,147954.97,1.77%
Totals,1/23/2016,947937.67,929444.11,1.95%
West,1/23/2016,27649.55,26785.12,3.13%
Coast,1/24/2016,242784.74,237871.17,2.02%
East,1/24/2016,31257.36,29469.49,5.72%
FarWest,1/24/2016,47074.95,47781.44,1.50%
North,1/24/2016,19268.74,18604.07,3.45%
NorthCentral,1/24/2016,290620.23,280931.00,3.33%
South,1/24/2016,67268.03,67988.55,1.07%
SouthCentral,1/24/2016,137045.24,135634.55,1.03%
Totals,1/24/2016,859932.39,843029.11,1.97%
West,1/24/2016,24613.06,24748.84,0.55%
Coast,1/25/2016,236203.72,234483.32,0.73%
East,1/25/2016,27711.83,28050.74,1.22%
FarWest,1/25/2016,48037.74,48920.60,1.84%
North,1/25/2016,17965.55,17788.39,0.99%
NorthCentral,1/25/2016,259154.42,255142.80,1.55%
South,1/25/2016,62721.47,63895.86,1.87%
SouthCentral,1/25/2016,125483.67,125963.95,0.38%
Totals,1/25/2016,801302.61,799153.34,0.27%
West,1/25/2016,24024.13,24907.66,3.68%
Coast,1/26/2016,241881.59,238691.91,1.32%
East,1/26/2016,31758.03,31942.60,0.58%
FarWest,1/26/2016,52313.83,51581.48,1.40%
North,1/26/2016,20706.42,20184.59,2.52%
NorthCentral,1/26/2016,309422.81,306104.61,1.07%
South,1/26/2016,66452.89,66298.67,0.23%
SouthCentral,1/26/2016,145650.28,142173.64,2.39%
Totals,1/26/2016,897240.02,884661.55,1.40%
West,1/26/2016,29054.15,27684.06,4.72%
Coast,1/27/2016,258879.65,248330.20,4.08%
East,1/27/2016,34661.14,34070.93,1.70%
FarWest,1/27/2016,51612.66,51192.46,0.81%
North,1/27/2016,20769.85,20513.02,1.24%
NorthCentral,1/27/2016,316711.15,313378.33,1.05%
South,1/27/2016,82220.94,76421.48,7.05%
SouthCentral,1/27/2016,156035.01,150142.51,3.78%
Totals,1/27/2016,950225.50,922287.41,2.94%
West,1/27/2016,29335.13,28238.41,3.74%
Coast,1/28/2016,260912.10,252783.35,3.12%
East,1/28/2016,33347.98,33412.22,0.19%
FarWest,1/28/2016,51747.81,50434.93,2.54%
North,1/28/2016,19488.60,19049.33,2.25%
NorthCentral,1/28/2016,300124.44,294892.16,1.74%
South,1/28/2016,79654.95,74251.75,6.78%
SouthCentral,1/28/2016,145671.73,146865.39,0.82%
Totals,1/28/2016,918955.74,898868.76,2.19%
West,1/28/2016,28008.24,27179.56,2.96%
Coast,1/29/2016,246442.37,241148.55,2.15%
East,1/29/2016,29200.83,30537.02,4.58%
FarWest,1/29/2016,49445.65,49004.26,0.89%
North,1/29/2016,17938.42,17778.28,0.89%
NorthCentral,1/29/2016,269749.44,271180.38,0.53%
South,1/29/2016,69190.25,69909.37,1.04%
SouthCentral,1/29/2016,135886.73,136292.16,0.30%
Totals,1/29/2016,843085.84,841325.85,0.21%
West,1/29/2016,25232.11,25475.80,0.97%
Coast,1/30/2016,224560.46,222124.24,1.08%
East,1/30/2016,24419.24,25344.27,3.79%
FarWest,1/30/2016,47254.22,47486.43,0.49%
North,1/30/2016,16346.17,16814.96,2.87%
NorthCentral,1/30/2016,235655.75,242437.89,2.88%
South,1/30/2016,61330.33,63005.90,2.73%
SouthCentral,1/30/2016,121941.18,126244.52,3.53%
Totals,1/30/2016,754647.14,766713.22,1.60%
West,1/30/2016,23139.75,23255.01,0.50%
Coast,1/31/2016,218139.44,225844.52,3.53%
East,1/31/2016,23341.94,24254.98,3.91%
FarWest,1/31/2016,46154.85,47110.78,2.07%
North,1/31/2016,15640.41,16619.34,6.26%
NorthCentral,1/31/2016,224027.72,235737.81,5.23%
South,1/31/2016,60507.76,62944.94,4.03%
SouthCentral,1/31/2016,117640.05,117719.11,0.07%
Totals,1/31/2016,727184.67,753168.76,3.57%
West,1/31/2016,21732.53,22937.31,5.54%
Coast,2/1/2016,241710.19,237601.08,1.70%
East,2/1/2016,27929.33,28534.54,2.17%
FarWest,2/1/2016,48162.83,48841.43,1.41%
North,2/1/2016,17422.79,17914.68,2.82%
NorthCentral,2/1/2016,255610.17,260706.04,1.99%
South,2/1/2016,64838.99,66233.58,2.15%
SouthCentral,2/1/2016,124862.95,128937.94,3.26%
Totals,2/1/2016,804178.30,813400.82,1.15%
West,2/1/2016,23641.11,24631.54,4.19%
Coast,2/2/2016,232291.46,233241.60,0.41%
East,2/2/2016,27364.39,27884.73,1.90%
FarWest,2/2/2016,49954.06,50538.55,1.17%
North,2/2/2016,17542.95,18006.16,2.64%
NorthCentral,2/2/2016,251833.32,259698.96,3.12%
South,2/2/2016,61617.72,63338.19,2.79%
SouthCentral,2/2/2016,124062.79,127548.72,2.81%
Totals,2/2/2016,789793.26,805500.92,1.99%
West,2/2/2016,25126.59,25244.02,0.47%
Coast,2/3/2016,232340.93,238021.99,2.45%
East,2/3/2016,31403.87,33377.42,6.28%
FarWest,2/3/2016,51154.58,51432.83,0.54%
North,2/3/2016,20315.23,20826.99,2.52%
NorthCentral,2/3/2016,304133.27,315611.22,3.77%
South,2/3/2016,64490.89,66427.11,3.00%
SouthCentral,2/3/2016,140474.58,142928.08,1.75%
Totals,2/3/2016,872237.32,896616.08,2.79%
West,2/3/2016,27923.92,27990.44,0.24%
Coast,2/4/2016,248278.03,250712.72,0.98%
East,2/4/2016,35294.41,34652.51,1.82%
FarWest,2/4/2016,51713.03,51402.32,0.60%
North,2/4/2016,20886.72,20774.15,0.54%
NorthCentral,2/4/2016,318844.47,316925.86,0.60%
South,2/4/2016,72507.47,73043.81,0.74%
SouthCentral,2/4/2016,151474.59,150708.29,0.51%
Totals,2/4/2016,927456.26,926629.29,0.09%
West,2/4/2016,28457.44,28409.56,0.17%
Coast,2/5/2016,253283.18,250612.04,1.05%
East,2/5/2016,33500.49,33633.07,0.40%
FarWest,2/5/2016,51534.87,51170.14,0.71%
North,2/5/2016,20047.68,19708.82,1.69%
NorthCentral,2/5/2016,306827.50,302615.55,1.37%
South,2/5/2016,73736.19,71604.39,2.89%
SouthCentral,2/5/2016,150192.05,148040.53,1.43%
Totals,2/5/2016,917355.66,904722.81,1.38%
West,2/5/2016,28233.74,27338.25,3.17%
Coast,2/6/2016,232644.09,233288.55,0.28%
East,2/6/2016,30189.11,30588.29,1.32%
FarWest,2/6/2016,50133.78,50082.94,0.10%
North,2/6/2016,18599.72,18958.50,1.93%
NorthCentral,2/6/2016,291470.55,296120.55,1.60%
South,2/6/2016,65640.45,67636.65,3.04%
SouthCentral,2/6/2016,136646.41,137024.44,0.28%
Totals,2/6/2016,851827.55,860613.56,1.03%
West,2/6/2016,26503.37,26913.66,1.55%
Coast,2/7/2016,232702.74,237774.21,2.18%
East,2/7/2016,29869.64,30366.26,1.66%
FarWest,2/7/2016,48302.54,48507.74,0.42%
North,2/7/2016,18344.80,18880.52,2.92%
NorthCentral,2/7/2016,277427.56,285031.16,2.74%
South,2/7/2016,68470.75,69969.94,2.19%
SouthCentral,2/7/2016,141404.94,141949.39,0.39%
Totals,2/7/2016,842255.67,858547.07,1.93%
West,2/7/2016,25732.69,26067.85,1.30%
Coast,2/8/2016,247142.46,241947.64,2.10%
East,2/8/2016,33185.17,31898.00,3.88%
FarWest,2/8/2016,50421.33,50674.96,0.50%
North,2/8/2016,19175.12,19289.34,0.60%
NorthCentral,2/8/2016,298259.42,294042.36,1.41%
South,2/8/2016,67309.06,66963.26,0.51%
SouthCentral,2/8/2016,140837.64,135273.31,3.95%
Totals,2/8/2016,882899.71,866507.23,1.86%
West,2/8/2016,26569.49,26418.37,0.57%
Coast,2/9/2016,249750.35,247146.10,1.04%
East,2/9/2016,34002.81,32742.88,3.71%
FarWest,2/9/2016,50295.59,50372.04,0.15%
North,2/9/2016,19204.69,19358.27,0.80%
NorthCentral,2/9/2016,299785.01,295410.44,1.46%
South,2/9/2016,70252.86,70497.31,0.35%
SouthCentral,2/9/2016,141886.81,140869.28,0.72%
Totals,2/9/2016,892076.95,882737.42,1.05%
West,2/9/2016,26898.78,26341.10,2.07%
Coast,2/10/2016,240817.22,239818.88,0.41%
East,2/10/2016,31874.76,31354.78,1.63%
FarWest,2/10/2016,49042.59,49371.77,0.67%
North,2/10/2016,18611.94,18831.37,1.18%
NorthCentral,2/10/2016,283154.27,284016.10,0.30%
South,2/10/2016,67693.58,69533.18,2.72%
SouthCentral,2/10/2016,133744.08,134093.63,0.26%
Totals,2/10/2016,850313.63,852558.54,0.26%
West,2/10/2016,25375.16,25538.82,0.64%
Coast,2/11/2016,233797.05,236256.78,1.05%
East,2/11/2016,29015.34,28206.64,2.79%
FarWest,2/11/2016,47998.16,48442.49,0.93%
North,2/11/2016,17044.84,17239.23,1.14%
NorthCentral,2/11/2016,255496.49,255468.63,0.01%
South,2/11/2016,65135.61,67214.03,3.19%
SouthCentral,2/11/2016,130570.36,127019.06,2.72%
Totals,2/11/2016,802686.84,803822.18,0.14%
West,2/11/2016,23629.01,23975.37,1.47%
Coast,2/12/2016,234001.03,235589.26,0.68%
East,2/12/2016,26316.87,28446.74,8.09%
FarWest,2/12/2016,48474.39,49224.31,1.55%
North,2/12/2016,17145.38,17839.25,4.05%
NorthCentral,2/12/2016,251389.44,259222.18,3.12%
South,2/12/2016,63797.99,65875.88,3.26%
SouthCentral,2/12/2016,125783.21,129086.83,2.63%
Totals,2/12/2016,790989.75,809993.32,2.40%
West,2/12/2016,24081.46,24708.90,2.61%
Coast,2/13/2016,216273.41,219999.80,1.72%
East,2/13/2016,24854.02,26390.37,6.18%
FarWest,2/13/2016,47141.43,47798.99,1.39%
North,2/13/2016,17515.69,18178.45,3.78%
NorthCentral,2/13/2016,243821.49,255267.55,4.69%
South,2/13/2016,59980.02,61793.91,3.02%
SouthCentral,2/13/2016,116960.41,122895.35,5.07%
Totals,2/13/2016,748971.22,775684.86,3.57%
West,2/13/2016,22424.81,23360.39,4.17%
Coast,2/14/2016,215327.98,219591.18,1.98%
East,2/14/2016,23565.11,24407.68,3.58%
FarWest,2/14/2016,46475.26,47237.53,1.64%
North,2/14/2016,16249.26,16631.64,2.35%
NorthCentral,2/14/2016,225986.82,233480.51,3.32%
South,2/14/2016,59777.55,61802.43,3.39%
SouthCentral,2/14/2016,114155.82,118701.55,3.98%
Totals,2/14/2016,723062.09,744070.15,2.91%
West,2/14/2016,21524.39,22217.59,3.22%
Coast,2/15/2016,235439.76,235109.58,0.14%
East,2/15/2016,26828.94,27816.39,3.68%
FarWest,2/15/2016,47622.02,48744.83,2.36%
North,2/15/2016,16780.32,17267.64,2.90%
NorthCentral,2/15/2016,244315.28,252798.98,3.47%
South,2/15/2016,65626.20,66058.75,0.66%
SouthCentral,2/15/2016,122261.46,125497.57,2.65%
Totals,2/15/2016,782614.15,798016.76,1.97%
West,2/15/2016,23740.15,24723.05,4.14%
Coast,2/16/2016,236150.04,240066.98,1.66%
East,2/16/2016,28945.07,29320.18,1.30%
FarWest,2/16/2016,48078.78,48359.86,0.58%
North,2/16/2016,17160.62,17273.71,0.66%
NorthCentral,2/16/2016,253142.33,257181.81,1.60%
South,2/16/2016,66316.54,66750.55,0.65%
SouthCentral,2/16/2016,125403.51,130777.15,4.29%
Totals,2/16/2016,799378.27,814068.27,1.84%
West,2/16/2016,24181.31,24338.05,0.65%
Coast,2/17/2016,231048.57,233671.94,1.14%
East,2/17/2016,28418.22,29022.70,2.13%
FarWest,2/17/2016,47905.02,48474.39,1.19%
North,2/17/2016,17759.07,17830.37,0.40%
NorthCentral,2/17/2016,257874.19,259818.18,0.75%
South,2/17/2016,66265.62,64810.18,2.20%
SouthCentral,2/17/2016,122608.93,127319.64,3.84%
Totals,2/17/2016,795677.80,805137.85,1.19%
West,2/17/2016,23798.18,24190.49,1.65%
Coast,2/18/2016,237499.01,236266.74,0.52%
East,2/18/2016,28989.84,28918.21,0.25%
FarWest,2/18/2016,47275.08,47668.38,0.83%
North,2/18/2016,17173.46,17078.25,0.55%
NorthCentral,2/18/2016,252725.82,253442.19,0.28%
South,2/18/2016,66149.93,66074.65,0.11%
SouthCentral,2/18/2016,126935.79,126742.12,0.15%
Totals,2/18/2016,799769.91,799334.56,0.05%
West,2/18/2016,23021.01,23143.93,0.53%
Coast,2/19/2016,243675.07,238002.27,2.33%
East,2/19/2016,26726.74,27668.12,3.52%
FarWest,2/19/2016,47837.89,47655.06,0.38%
North,2/19/2016,16503.32,16785.25,1.71%
NorthCentral,2/19/2016,247584.34,248599.95,0.41%
South,2/19/2016,66831.64,66662.20,0.25%
SouthCentral,2/19/2016,128967.59,125887.15,2.39%
Totals,2/19/2016,801067.42,794033.80,0.88%
West,2/19/2016,22940.85,22773.79,0.73%
Coast,2/20/2016,229323.17,225164.45,1.81%
East,2/20/2016,23877.42,24109.58,0.97%
FarWest,2/20/2016,47257.80,46918.55,0.72%
North,2/20/2016,15841.76,16239.58,2.51%
NorthCentral,2/20/2016,235239.94,235881.52,0.27%
South,2/20/2016,65597.43,65534.04,0.10%
SouthCentral,2/20/2016,122890.74,118929.26,3.22%
Totals,2/20/2016,761805.18,754274.48,0.99%
West,2/20/2016,21776.85,21497.48,1.28%
Coast,2/21/2016,222533.75,222758.81,0.10%
East,2/21/2016,23514.28,24216.54,2.99%
FarWest,2/21/2016,45942.49,46972.75,2.24%
North,2/21/2016,15139.00,16216.65,7.12%
NorthCentral,2/21/2016,226471.15,234010.85,3.33%
South,2/21/2016,64684.28,64725.40,0.06%
SouthCentral,2/21/2016,118356.62,118250.92,0.09%
Totals,2/21/2016,737926.89,748845.18,1.48%
West,2/21/2016,21285.31,21693.28,1.92%
Coast,2/22/2016,227208.26,231569.10,1.92%
East,2/22/2016,27333.50,28300.70,3.54%
FarWest,2/22/2016,47001.57,47943.10,2.00%
North,2/22/2016,16605.08,17245.94,3.86%
NorthCentral,2/22/2016,245447.39,254339.24,3.62%
South,2/22/2016,67368.97,66400.27,1.44%
SouthCentral,2/22/2016,122789.30,125867.48,2.51%
Totals,2/22/2016,776620.23,795141.07,2.38%
West,2/22/2016,22866.24,23475.29,2.66%
Coast,2/23/2016,224815.75,231954.44,3.18%
East,2/23/2016,30360.03,30452.20,0.30%
FarWest,2/23/2016,50429.99,50736.95,0.61%
North,2/23/2016,19314.14,19513.27,1.03%
NorthCentral,2/23/2016,288307.45,288394.15,0.03%
South,2/23/2016,66984.32,65404.76,2.36%
SouthCentral,2/23/2016,124820.84,131047.90,4.99%
Totals,2/23/2016,831073.98,844041.37,1.56%
West,2/23/2016,26041.45,26537.75,1.91%
Coast,2/24/2016,233457.30,238387.19,2.11%
East,2/24/2016,31990.17,32043.15,0.17%
FarWest,2/24/2016,50036.05,50349.83,0.63%
North,2/24/2016,19101.65,18776.61,1.70%
NorthCentral,2/24/2016,291409.26,288503.06,1.00%
South,2/24/2016,63720.05,67191.29,5.45%
SouthCentral,2/24/2016,136125.83,139109.01,2.19%
Totals,2/24/2016,852008.24,861191.62,1.08%
West,2/24/2016,26167.88,26831.42,2.54%
Coast,2/25/2016,235173.93,239925.92,2.02%
East,2/25/2016,31589.27,31831.57,0.77%
FarWest,2/25/2016,49333.94,50039.28,1.43%
North,2/25/2016,18800.45,19081.63,1.50%
NorthCentral,2/25/2016,282103.78,287485.17,1.91%
South,2/25/2016,65431.42,68976.65,5.42%
SouthCentral,2/25/2016,136417.11,140068.54,2.68%
Totals,2/25/2016,844613.44,863807.84,2.27%
West,2/25/2016,25763.48,26399.02,2.47%
Coast,2/26/2016,230151.23,238235.10,3.51%
East,2/26/2016,30087.65,32423.08,7.76%
FarWest,2/26/2016,49045.06,49818.48,1.58%
North,2/26/2016,18898.49,19171.44,1.44%
NorthCentral,2/26/2016,283247.40,291307.61,2.85%
South,2/26/2016,61923.99,65614.92,5.96%
SouthCentral,2/26/2016,131956.04,139284.76,5.55%
Totals,2/26/2016,830473.77,861865.70,3.78%
West,2/26/2016,25163.91,26010.26,3.36%
Coast,2/27/2016,218840.02,226046.52,3.29%
East,2/27/2016,28552.04,27930.93,2.18%
FarWest,2/27/2016,47212.89,47827.40,1.30%
North,2/27/2016,16673.69,17248.24,3.45%
NorthCentral,2/27/2016,246674.31,250467.93,1.54%
South,2/27/2016,58556.13,61991.15,5.87%
SouthCentral,2/27/2016,122839.52,127561.29,3.84%
Totals,2/27/2016,763596.62,782704.29,2.50%
West,2/27/2016,24247.99,23630.86,2.55%
Coast,2/28/2016,212630.20,219442.61,3.20%
East,2/28/2016,26374.18,25237.11,4.31%
FarWest,2/28/2016,45635.13,46760.51,2.47%
North,2/28/2016,15927.65,16326.42,2.50%
NorthCentral,2/28/2016,226510.03,234122.88,3.36%
South,2/28/2016,59479.94,62508.57,5.09%
SouthCentral,2/28/2016,116139.81,118588.85,2.11%
Totals,2/28/2016,724536.04,744863.38,2.81%
West,2/28/2016,21839.10,21876.40,0.17%
Coast,2/29/2016,234081.49,235062.99,0.42%
East,2/29/2016,28083.30,27570.72,1.83%
FarWest,2/29/2016,46755.74,47998.27,2.66%
North,2/29/2016,16467.97,17087.74,3.76%
NorthCentral,2/29/2016,246018.42,250432.44,1.79%
South,2/29/2016,65827.30,66283.09,0.69%
SouthCentral,2/29/2016,126226.15,125427.22,0.63%
Totals,2/29/2016,787481.46,793352.07,0.75%
West,2/29/2016,24021.13,23489.62,2.21%
Coast,3/1/2016,235239.95,236607.12,0.58%
East,3/1/2016,27591.10,27484.11,0.39%
FarWest,3/1/2016,46160.16,48159.04,4.33%
North,3/1/2016,16340.46,17073.48,4.49%
NorthCentral,3/1/2016,244526.99,248979.76,1.82%
South,3/1/2016,70154.18,66938.32,4.58%
SouthCentral,3/1/2016,128754.42,124074.06,3.64%
Totals,3/1/2016,791320.70,792272.63,0.12%
West,3/1/2016,22553.38,22956.85,1.79%
Coast,3/2/2016,226382.88,234390.07,3.54%
East,3/2/2016,27516.81,29079.34,5.68%
FarWest,3/2/2016,47536.54,48188.54,1.37%
North,3/2/2016,17370.45,17406.66,0.21%
NorthCentral,3/2/2016,254225.12,258126.75,1.53%
South,3/2/2016,68452.26,66924.85,2.23%
SouthCentral,3/2/2016,124887.73,129050.92,3.33%
Totals,3/2/2016,789977.35,807082.64,2.17%
West,3/2/2016,23605.60,23915.58,1.31%
Coast,3/3/2016,240841.12,237541.48,1.37%
East,3/3/2016,27132.17,27244.34,0.41%
FarWest,3/3/2016,46574.44,48125.95,3.33%
North,3/3/2016,16502.93,17167.74,4.03%
NorthCentral,3/3/2016,244887.60,249260.01,1.79%
South,3/3/2016,73830.33,67283.47,8.87%
SouthCentral,3/3/2016,132468.09,122752.07,7.33%
Totals,3/3/2016,804955.87,792312.06,1.57%
West,3/3/2016,22719.12,22936.95,0.96%
Coast,3/4/2016,226248.05,235455.59,4.07%
East,3/4/2016,27892.37,28974.94,3.88%
FarWest,3/4/2016,47145.25,48348.00,2.55%
North,3/4/2016,16795.37,17495.60,4.17%
NorthCentral,3/4/2016,245910.96,260143.89,5.79%
South,3/4/2016,66326.39,65014.88,1.98%
SouthCentral,3/4/2016,122222.99,127464.54,4.29%
Totals,3/4/2016,775287.90,806796.43,4.06%
West,3/4/2016,22746.56,23899.02,5.07%
Coast,3/5/2016,215632.88,219970.55,2.01%
East,3/5/2016,26125.27,25668.86,1.75%
FarWest,3/5/2016,45815.05,47410.13,3.48%
North,3/5/2016,15748.44,16634.89,5.63%
NorthCentral,3/5/2016,232112.62,239816.27,3.32%
South,3/5/2016,62999.56,63625.16,0.99%
SouthCentral,3/5/2016,119315.90,117687.15,1.37%
Totals,3/5/2016,740271.09,753096.40,1.73%
West,3/5/2016,22521.34,22283.35,1.06%
Coast,3/6/2016,216065.19,220370.08,1.99%
East,3/6/2016,25629.73,25025.41,2.36%
FarWest,3/6/2016,46063.61,47002.87,2.04%
North,3/6/2016,15169.86,16571.86,9.24%
NorthCentral,3/6/2016,221962.41,235550.29,6.12%
South,3/6/2016,63878.24,65015.92,1.78%
SouthCentral,3/6/2016,116927.39,119001.05,1.77%
Totals,3/6/2016,727080.06,750470.75,3.22%
West,3/6/2016,21383.60,21933.28,2.57%
Coast,3/7/2016,237969.99,235192.08,1.17%
East,3/7/2016,28002.38,27822.19,0.64%
FarWest,3/7/2016,46815.81,47519.88,1.50%
North,3/7/2016,16130.33,16836.09,4.38%
NorthCentral,3/7/2016,242937.07,248242.90,2.18%
South,3/7/2016,70903.44,68161.31,3.87%
SouthCentral,3/7/2016,129011.65,126165.08,2.21%
Totals,3/7/2016,795574.83,793367.80,0.28%
West,3/7/2016,23804.14,23428.35,1.58%
Coast,3/8/2016,239609.43,237929.18,0.70%
East,3/8/2016,28733.88,27709.07,3.57%
FarWest,3/8/2016,46229.71,47718.05,3.22%
North,3/8/2016,16380.25,16878.81,3.04%
NorthCentral,3/8/2016,246331.26,250001.45,1.49%
South,3/8/2016,73595.76,68305.95,7.19%
SouthCentral,3/8/2016,138171.94,127708.83,7.57%
Totals,3/8/2016,812329.58,799485.02,1.58%
West,3/8/2016,23277.35,23233.68,0.19%
Coast,3/9/2016,234652.99,234664.25,0.00%
East,3/9/2016,26697.71,28236.52,5.76%
FarWest,3/9/2016,46296.62,48392.48,4.53%
North,3/9/2016,16561.58,16866.95,1.84%
NorthCentral,3/9/2016,246259.07,250754.96,1.83%
South,3/9/2016,62823.72,64815.80,3.17%
SouthCentral,3/9/2016,123552.93,127574.39,3.25%
Totals,3/9/2016,779644.05,795766.80,2.07%
West,3/9/2016,22799.37,24461.50,7.29%
Coast,3/10/2016,230130.75,234557.70,1.92%
East,3/10/2016,27102.36,27772.19,2.47%
FarWest,3/10/2016,46162.08,48442.28,4.94%
North,3/10/2016,16204.87,16861.05,4.05%
NorthCentral,3/10/2016,244290.19,250266.65,2.45%
South,3/10/2016,61649.41,64582.97,4.76%
SouthCentral,3/10/2016,126759.48,127347.09,0.46%
Totals,3/10/2016,775006.36,794821.48,2.56%
West,3/10/2016,22707.19,24991.60,10.06%
Coast,3/11/2016,233922.77,233170.61,0.32%
East,3/11/2016,27775.38,27511.27,0.95%
FarWest,3/11/2016,46729.38,48477.22,3.74%
North,3/11/2016,16174.35,17047.78,5.40%
NorthCentral,3/11/2016,242948.67,250960.21,3.30%
South,3/11/2016,59949.63,64703.31,7.93%
SouthCentral,3/11/2016,122173.03,125897.08,3.05%
Totals,3/11/2016,772811.41,792750.13,2.58%
West,3/11/2016,23138.17,24982.66,7.97%
Coast,3/12/2016,220420.32,224234.37,1.73%
East,3/12/2016,25744.49,24524.68,4.74%
FarWest,3/12/2016,45439.53,47073.22,3.60%
North,3/12/2016,15398.08,16374.17,6.34%
NorthCentral,3/12/2016,225437.44,233560.93,3.60%
South,3/12/2016,61152.22,62711.83,2.55%
SouthCentral,3/12/2016,115051.06,119361.52,3.75%
Totals,3/12/2016,731380.77,750327.36,2.59%
West,3/12/2016,22737.67,22486.73,1.10%
Coast,3/13/2016,218196.11,221874.05,1.69%
East,3/13/2016,24690.67,23643.44,4.24%
FarWest,3/13/2016,43444.84,45168.85,3.97%
North,3/13/2016,14396.35,15750.99,9.41%
NorthCentral,3/13/2016,213410.37,225855.52,5.83%
South,3/13/2016,64993.01,62722.82,3.49%
SouthCentral,3/13/2016,113381.95,113944.21,0.50%
Totals,3/13/2016,712879.56,730208.41,2.43%
West,3/13/2016,20366.25,21248.52,4.33%
Coast,3/14/2016,252851.50,239802.41,5.16%
East,3/14/2016,29056.20,27850.29,4.15%
FarWest,3/14/2016,46412.23,48188.30,3.83%
North,3/14/2016,15984.91,16959.37,6.10%
NorthCentral,3/14/2016,250951.40,249185.83,0.70%
South,3/14/2016,72159.41,67298.33,6.74%
SouthCentral,3/14/2016,134370.11,126664.50,5.73%
Totals,3/14/2016,825377.91,799006.12,3.20%
West,3/14/2016,23592.19,23057.11,2.27%
Coast,3/15/2016,262663.76,241715.54,7.98%
East,3/15/2016,30537.23,27250.53,10.76%
FarWest,3/15/2016,46650.56,48144.48,3.20%
North,3/15/2016,16115.80,16950.84,5.18%
NorthCentral,3/15/2016,257557.48,249169.62,3.26%
South,3/15/2016,74457.36,68322.51,8.24%
SouthCentral,3/15/2016,143007.33,125732.64,12.08%
Totals,3/15/2016,853817.77,799676.91,6.34%
West,3/15/2016,22828.22,22390.75,1.92%
Coast,3/16/2016,255035.17,237764.67,6.77%
East,3/16/2016,27726.91,27151.81,2.07%
FarWest,3/16/2016,47569.81,48493.93,1.94%
North,3/16/2016,16116.40,17133.40,6.31%
NorthCentral,3/16/2016,247644.97,251975.94,1.75%
South,3/16/2016,70297.74,68015.54,3.25%
SouthCentral,3/16/2016,133433.31,124539.19,6.67%
Totals,3/16/2016,820835.62,798030.68,2.78%
West,3/16/2016,23011.32,22956.24,0.24%
Coast,3/17/2016,258188.16,239223.25,7.35%
East,3/17/2016,27667.00,27175.64,1.78%
FarWest,3/17/2016,47244.02,47693.78,0.95%
North,3/17/2016,16063.70,17054.20,6.17%
NorthCentral,3/17/2016,243126.93,249642.25,2.68%
South,3/17/2016,71419.98,68523.18,4.06%
SouthCentral,3/17/2016,135436.91,126041.93,6.94%
Totals,3/17/2016,822077.35,798460.16,2.87%
West,3/17/2016,22930.57,23106.00,0.77%
Coast,3/18/2016,262859.05,239605.51,8.85%
East,3/18/2016,28424.77,27698.50,2.56%
FarWest,3/18/2016,46984.72,47909.15,1.97%
North,3/18/2016,16683.85,17795.19,6.66%
NorthCentral,3/18/2016,240755.58,251430.07,4.43%
South,3/18/2016,74206.09,68206.68,8.08%
SouthCentral,3/18/2016,136239.22,126813.54,6.92%
Totals,3/18/2016,828835.13,803406.32,3.07%
West,3/18/2016,22681.84,23947.62,5.58%
Coast,3/19/2016,213978.89,224284.20,4.82%
East,3/19/2016,25924.44,27355.10,5.52%
FarWest,3/19/2016,47321.05,49856.89,5.36%
North,3/19/2016,16801.61,18839.39,12.13%
NorthCentral,3/19/2016,240556.16,276880.29,15.10%
South,3/19/2016,56994.03,62622.17,9.87%
SouthCentral,3/19/2016,112963.94,126026.98,11.56%
Totals,3/19/2016,737747.97,810967.31,9.92%
West,3/19/2016,23207.81,25102.25,8.16%
Coast,3/20/2016,206189.49,229455.23,11.28%
East,3/20/2016,27867.21,30042.60,7.81%
FarWest,3/20/2016,46822.35,49112.71,4.89%
North,3/20/2016,17148.36,19543.25,13.97%
NorthCentral,3/20/2016,246666.39,286095.49,15.98%
South,3/20/2016,56811.30,64175.76,12.96%
SouthCentral,3/20/2016,117641.58,134684.91,14.49%
Totals,3/20/2016,742442.23,838557.17,12.95%
West,3/20/2016,23295.55,25447.25,9.24%
Coast,3/21/2016,232389.48,240162.35,3.34%
East,3/21/2016,31063.78,31855.51,2.55%
FarWest,3/21/2016,47548.78,49041.18,3.14%
North,3/21/2016,17665.56,18581.27,5.18%
NorthCentral,3/21/2016,269444.69,281582.73,4.50%
South,3/21/2016,62415.64,66233.11,6.12%
SouthCentral,3/21/2016,130198.11,140629.44,8.01%
Totals,3/21/2016,815535.92,853659.74,4.67%
West,3/21/2016,24809.90,25574.14,3.08%
Coast,3/22/2016,230327.65,236937.60,2.87%
East,3/22/2016,29081.79,29372.10,1.00%
FarWest,3/22/2016,47235.37,48157.85,1.95%
North,3/22/2016,16820.17,17053.54,1.39%
NorthCentral,3/22/2016,255632.05,255830.28,0.08%
South,3/22/2016,64151.36,66076.95,3.00%
SouthCentral,3/22/2016,126786.41,131418.28,3.65%
Totals,3/22/2016,793237.52,808596.16,1.94%
West,3/22/2016,23202.69,23749.53,2.36%
Coast,3/23/2016,234508.62,236987.74,1.06%
East,3/23/2016,27447.75,28034.04,2.14%
FarWest,3/23/2016,47356.40,48004.61,1.37%
North,3/23/2016,16773.58,16821.01,0.28%
NorthCentral,3/23/2016,261037.18,248198.59,4.92%
South,3/23/2016,69836.36,67512.82,3.33%
SouthCentral,3/23/2016,133117.35,126544.14,4.94%
Totals,3/23/2016,813354.92,795174.20,2.24%
West,3/23/2016,23277.73,23071.17,0.89%
Coast,3/24/2016,227695.85,233384.22,2.50%
East,3/24/2016,26396.69,29564.69,12.00%
FarWest,3/24/2016,46787.80,49348.43,5.47%
North,3/24/2016,16382.70,17913.20,9.34%
NorthCentral,3/24/2016,242962.77,263785.13,8.57%
South,3/24/2016,64530.88,64326.02,0.32%
SouthCentral,3/24/2016,121349.66,127406.54,4.99%
Totals,3/24/2016,768262.62,810069.95,5.44%
West,3/24/2016,22156.22,24341.76,9.86%
Coast,3/25/2016,218300.17,235175.80,7.73%
East,3/25/2016,28112.99,29726.69,5.74%
FarWest,3/25/2016,45622.57,48518.41,6.35%
North,3/25/2016,16525.75,17794.94,7.68%
NorthCentral,3/25/2016,245379.49,264611.70,7.84%
South,3/25/2016,60271.30,64360.19,6.78%
SouthCentral,3/25/2016,120681.23,132886.03,10.11%
Totals,3/25/2016,757030.68,817518.91,7.99%
West,3/25/2016,22137.14,24445.15,10.43%
Coast,3/26/2016,212219.26,221885.59,4.55%
East,3/26/2016,26304.05,25064.31,4.71%
FarWest,3/26/2016,45816.99,47258.15,3.15%
North,3/26/2016,15381.79,16544.57,7.56%
NorthCentral,3/26/2016,227495.99,239670.49,5.35%
South,3/26/2016,60910.87,64386.95,5.71%
SouthCentral,3/26/2016,115450.29,121843.89,5.54%
Totals,3/26/2016,725967.18,758670.51,4.50%
West,3/26/2016,22387.94,22016.52,1.66%
Coast,3/27/2016,218896.61,227875.65,4.10%
East,3/27/2016,25696.12,24836.48,3.35%
FarWest,3/27/2016,44988.26,48467.03,7.73%
North,3/27/2016,15031.48,17212.57,14.51%
NorthCentral,3/27/2016,214007.43,243713.12,13.88%
South,3/27/2016,64880.58,65892.83,1.56%
SouthCentral,3/27/2016,112923.96,117106.13,3.70%
Totals,3/27/2016,717259.47,767711.50,7.03%
West,3/27/2016,20835.11,22607.71,8.51%
Coast,3/28/2016,234513.90,232572.87,0.83%
East,3/28/2016,30078.24,27415.41,8.85%
FarWest,3/28/2016,46605.90,46410.85,0.42%
North,3/28/2016,16670.94,17111.66,2.64%
NorthCentral,3/28/2016,247318.67,251640.52,1.75%
South,3/28/2016,65846.95,65181.30,1.01%
SouthCentral,3/28/2016,121271.88,127573.71,5.20%
Totals,3/28/2016,785870.70,791522.02,0.72%
West,3/28/2016,23564.25,23615.74,0.22%
Coast,3/29/2016,240193.99,234761.27,2.26%
East,3/29/2016,28768.24,27809.21,3.33%
FarWest,3/29/2016,48193.39,47674.23,1.08%
North,3/29/2016,16472.59,16904.35,2.62%
NorthCentral,3/29/2016,249078.39,251619.54,1.02%
South,3/29/2016,68779.56,66922.17,2.70%
SouthCentral,3/29/2016,123442.22,125889.27,1.98%
Totals,3/29/2016,797375.03,794949.87,0.30%
West,3/29/2016,22446.65,23369.83,4.11%
Coast,3/30/2016,249062.14,239070.07,4.01%
East,3/30/2016,29848.97,27562.89,7.66%
FarWest,3/30/2016,49063.60,47703.68,2.77%
North,3/30/2016,17069.34,16779.15,1.70%
NorthCentral,3/30/2016,259619.60,248595.40,4.25%
South,3/30/2016,72243.40,68298.49,5.46%
SouthCentral,3/30/2016,132732.78,126969.30,4.34%
Totals,3/30/2016,833549.28,797931.07,4.27%
West,3/30/2016,23909.37,22952.11,4.00%
Coast,3/31/2016,273923.78,243174.33,11.23%
East,3/31/2016,31215.60,27163.61,12.98%
FarWest,3/31/2016,47413.02,48256.39,1.78%
North,3/31/2016,16214.94,17003.44,4.86%
NorthCentral,3/31/2016,253758.36,248409.81,2.11%
South,3/31/2016,82651.53,68362.32,17.29%
SouthCentral,3/31/2016,141315.97,124257.93,12.07%
Totals,3/31/2016,869460.01,799013.10,8.10%
West,3/31/2016,22966.75,22385.28,2.53%
Coast,4/1/2016,0.00,234022.97,
East,4/1/2016,0.00,29339.54,
FarWest,4/1/2016,0.00,49948.87,
North,4/1/2016,0.00,17421.79,
NorthCentral,4/1/2016,0.00,256665.99,
South,4/1/2016,0.00,63977.90,
SouthCentral,4/1/2016,0.00,128415.77,
Totals,4/1/2016,0.00,804285.47,
West,4/1/2016,0.00,24492.63,
Coast,4/2/2016,0.00,223360.82,
East,4/2/2016,0.00,27604.42,
FarWest,4/2/2016,0.00,48888.52,
North,4/2/2016,0.00,17209.01,
NorthCentral,4/2/2016,0.00,252157.91,
South,4/2/2016,0.00,62681.00,
SouthCentral,4/2/2016,0.00,127624.18,
Totals,4/2/2016,0.00,783515.20,
West,4/2/2016,0.00,23989.29,
Coast,4/3/2016,0.00,225836.50,
East,4/3/2016,0.00,27014.72,
FarWest,4/3/2016,0.00,47573.95,
North,4/3/2016,0.00,16627.96,
NorthCentral,4/3/2016,0.00,241377.79,
South,4/3/2016,0.00,63562.18,
SouthCentral,4/3/2016,0.00,125311.28,
Totals,4/3/2016,0.00,770755.06,
West,4/3/2016,0.00,23450.59,
Coast,4/4/2016,0.00,237556.10,
East,4/4/2016,0.00,27778.00,
FarWest,4/4/2016,0.00,48178.51,
North,4/4/2016,0.00,17077.09,
NorthCentral,4/4/2016,0.00,251023.06,
South,4/4/2016,0.00,65990.52,
SouthCentral,4/4/2016,0.00,125532.48,
Totals,4/4/2016,0.00,795855.39,
West,4/4/2016,0.00,22719.61,
Coast,4/5/2016,0.00,237347.99,
East,4/5/2016,0.00,27626.21,
FarWest,4/5/2016,0.00,47990.96,
North,4/5/2016,0.00,16894.76,
NorthCentral,4/5/2016,0.00,249959.67,
South,4/5/2016,0.00,65509.63,
SouthCentral,4/5/2016,0.00,125343.53,
Totals,4/5/2016,0.00,793212.44,
West,4/5/2016,0.00,22539.68,
Coast,4/6/2016,0.00,236224.79,
East,4/6/2016,0.00,27296.49,
FarWest,4/6/2016,0.00,48003.79,
North,4/6/2016,0.00,16887.02,
NorthCentral,4/6/2016,0.00,249778.48,
South,4/6/2016,0.00,66527.27,
SouthCentral,4/6/2016,0.00,123258.64,
Totals,4/6/2016,0.00,790570.26,
West,4/6/2016,0.00,22593.79,
Coast,4/7/2016,0.00,239133.17,
East,4/7/2016,0.00,28119.79,
FarWest,4/7/2016,0.00,48152.86,
North,4/7/2016,0.00,17066.02,
NorthCentral,4/7/2016,0.00,253395.87,
South,4/7/2016,0.00,65986.90,
SouthCentral,4/7/2016,0.00,125996.21,
Totals,4/7/2016,0.00,801109.16,
West,4/7/2016,0.00,23258.42,
Coast,4/8/2016,0.00,237271.54,
East,4/8/2016,0.00,26942.03,
FarWest,4/8/2016,0.00,47919.46,
North,4/8/2016,0.00,17114.01,
NorthCentral,4/8/2016,0.00,250442.50,
South,4/8/2016,0.00,65879.50,
SouthCentral,4/8/2016,0.00,122520.18,
Totals,4/8/2016,0.00,790900.85,
West,4/8/2016,0.00,22811.65,
Coast,4/9/2016,0.00,226945.60,
East,4/9/2016,0.00,24844.67,
FarWest,4/9/2016,0.00,47005.86,
North,4/9/2016,0.00,16480.19,
NorthCentral,4/9/2016,0.00,238687.54,
South,4/9/2016,0.00,65173.47,
SouthCentral,4/9/2016,0.00,118465.78,
Totals,4/9/2016,0.00,760015.79,
West,4/9/2016,0.00,22412.73,
Coast,4/10/2016,0.00,233468.29,
East,4/10/2016,0.00,24283.29,
FarWest,4/10/2016,0.00,46907.19,
North,4/10/2016,0.00,16419.12,
NorthCentral,4/10/2016,0.00,236728.16,
South,4/10/2016,0.00,66607.03,
SouthCentral,4/10/2016,0.00,120179.97,
Totals,4/10/2016,0.00,766658.31,
West,4/10/2016,0.00,22065.18,
Coast,4/11/2016,0.00,241699.70,
East,4/11/2016,0.00,27638.94,
FarWest,4/11/2016,0.00,47861.89,
North,4/11/2016,0.00,16875.30,
NorthCentral,4/11/2016,0.00,248638.47,
South,4/11/2016,0.00,68605.97,
SouthCentral,4/11/2016,0.00,127899.14,
Totals,4/11/2016,0.00,802030.71,
West,4/11/2016,0.00,22811.28,
Coast,4/12/2016,0.00,241030.67,
East,4/12/2016,0.00,27578.67,
FarWest,4/12/2016,0.00,48451.37,
North,4/12/2016,0.00,17203.90,
NorthCentral,4/12/2016,0.00,249212.52,
South,4/12/2016,0.00,68673.60,
SouthCentral,4/12/2016,0.00,125737.72,
Totals,4/12/2016,0.00,802195.41,
West,4/12/2016,0.00,24306.95,
Coast,4/13/2016,0.00,234097.16,
East,4/13/2016,0.00,27607.79,
FarWest,4/13/2016,0.00,47791.59,
North,4/13/2016,0.00,17077.66,
NorthCentral,4/13/2016,0.00,252161.40,
South,4/13/2016,0.00,66837.64,
SouthCentral,4/13/2016,0.00,126611.80,
Totals,4/13/2016,0.00,795957.70,
West,4/13/2016,0.00,23772.71,
Coast,4/14/2016,0.00,236169.61,
East,4/14/2016,0.00,27775.85,
FarWest,4/14/2016,0.00,47663.97,
North,4/14/2016,0.00,16890.54,
NorthCentral,4/14/2016,0.00,248430.40,
South,4/14/2016,0.00,66368.80,
SouthCentral,4/14/2016,0.00,126444.20,
Totals,4/14/2016,0.00,793657.60,
West,4/14/2016,0.00,23914.23,
Coast,4/15/2016,0.00,236015.90,
East,4/15/2016,0.00,27902.17,
FarWest,4/15/2016,0.00,47671.92,
North,4/15/2016,0.00,16927.74,
NorthCentral,4/15/2016,0.00,249678.23,
South,4/15/2016,0.00,67209.86,
SouthCentral,4/15/2016,0.00,126629.44,
Totals,4/15/2016,0.00,795560.58,
West,4/15/2016,0.00,23525.32,
Coast,4/16/2016,0.00,232978.41,
East,4/16/2016,0.00,24387.58,
FarWest,4/16/2016,0.00,46806.38,
North,4/16/2016,0.00,16500.16,
NorthCentral,4/16/2016,0.00,236797.04,
South,4/16/2016,0.00,67690.75,
SouthCentral,4/16/2016,0.00,121600.61,
Totals,4/16/2016,0.00,768935.58,
West,4/16/2016,0.00,22174.60,
Coast,4/17/2016,0.00,235336.94,
East,4/17/2016,0.00,24402.09,
FarWest,4/17/2016,0.00,47105.46,
North,4/17/2016,0.00,16462.53,
NorthCentral,4/17/2016,0.00,240425.69,
South,4/17/2016,0.00,67836.11,
SouthCentral,4/17/2016,0.00,122772.58,
Totals,4/17/2016,0.00,776559.64,
West,4/17/2016,0.00,22218.23,
Coast,4/18/2016,0.00,236065.78,
East,4/18/2016,0.00,27380.91,
FarWest,4/18/2016,0.00,47984.72,
North,4/18/2016,0.00,16941.26,
NorthCentral,4/18/2016,0.00,249348.83,
South,4/18/2016,0.00,68065.11,
SouthCentral,4/18/2016,0.00,125874.39,
Totals,4/18/2016,0.00,795840.99,
West,4/18/2016,0.00,24179.93,
Coast,4/19/2016,0.00,238954.52,
East,4/19/2016,0.00,27385.81,
FarWest,4/19/2016,0.00,47559.49,
North,4/19/2016,0.00,16834.67,
NorthCentral,4/19/2016,0.00,248112.08,
South,4/19/2016,0.00,68280.28,
SouthCentral,4/19/2016,0.00,125344.83,
Totals,4/19/2016,0.00,795943.94,
West,4/19/2016,0.00,23472.34,
Coast,4/20/2016,0.00,240021.27,
East,4/20/2016,0.00,27396.80,
FarWest,4/20/2016,0.00,47610.16,
North,4/20/2016,0.00,16842.26,
NorthCentral,4/20/2016,0.00,248758.96,
South,4/20/2016,0.00,68569.68,
SouthCentral,4/20/2016,0.00,125935.89,
Totals,4/20/2016,0.00,798569.26,
West,4/20/2016,0.00,23434.29,
Coast,4/21/2016,0.00,235321.04,
East,4/21/2016,0.00,27355.97,
FarWest,4/21/2016,0.00,47533.73,
North,4/21/2016,0.00,17019.27,
NorthCentral,4/21/2016,0.00,249128.35,
South,4/21/2016,0.00,68534.59,
SouthCentral,4/21/2016,0.00,125948.63,
Totals,4/21/2016,0.00,794116.78,
West,4/21/2016,0.00,23275.25,
Coast,4/22/2016,0.00,238067.15,
East,4/22/2016,0.00,27209.35,
FarWest,4/22/2016,0.00,47563.00,
North,4/22/2016,0.00,16959.74,
NorthCentral,4/22/2016,0.00,248429.61,
South,4/22/2016,0.00,67778.77,
SouthCentral,4/22/2016,0.00,123974.11,
Totals,4/22/2016,0.00,793130.21,
West,4/22/2016,0.00,23148.41,
Coast,4/23/2016,0.00,228569.09,
East,4/23/2016,0.00,24688.55,
FarWest,4/23/2016,0.00,46992.84,
North,4/23/2016,0.00,16453.69,
NorthCentral,4/23/2016,0.00,233189.76,
South,4/23/2016,0.00,65469.30,
SouthCentral,4/23/2016,0.00,118208.58,
Totals,4/23/2016,0.00,755553.84,
West,4/23/2016,0.00,21981.99,
Coast,4/24/2016,0.00,224899.20,
East,4/24/2016,0.00,24231.53,
FarWest,4/24/2016,0.00,46767.63,
North,4/24/2016,0.00,16453.61,
NorthCentral,4/24/2016,0.00,236342.55,
South,4/24/2016,0.00,66624.78,
SouthCentral,4/24/2016,0.00,119292.17,
Totals,4/24/2016,0.00,756225.65,
West,4/24/2016,0.00,21614.20,
Coast,4/25/2016,0.00,244620.17,
East,4/25/2016,0.00,27607.57,
FarWest,4/25/2016,0.00,47797.31,
North,4/25/2016,0.00,16837.29,
NorthCentral,4/25/2016,0.00,248707.97,
South,4/25/2016,0.00,68569.46,
SouthCentral,4/25/2016,0.00,128849.01,
Totals,4/25/2016,0.00,805818.70,
West,4/25/2016,0.00,22829.95,
Coast,4/26/2016,0.00,244285.15,
East,4/26/2016,0.00,27800.85,
FarWest,4/26/2016,0.00,47915.05,
North,4/26/2016,0.00,16787.10,
NorthCentral,4/26/2016,0.00,249045.13,
South,4/26/2016,0.00,68261.96,
SouthCentral,4/26/2016,0.00,129672.63,
Totals,4/26/2016,0.00,806746.40,
West,4/26/2016,0.00,22978.50,
Coast,4/27/2016,0.00,243761.57,
East,4/27/2016,0.00,27308.82,
FarWest,4/27/2016,0.00,48148.07,
North,4/27/2016,0.00,16834.69,
NorthCentral,4/27/2016,0.00,248245.16,
South,4/27/2016,0.00,67916.66,
SouthCentral,4/27/2016,0.00,125545.86,
Totals,4/27/2016,0.00,800056.87,
West,4/27/2016,0.00,22296.08,
Coast,4/28/2016,0.00,243662.28,
East,4/28/2016,0.00,27345.62,
FarWest,4/28/2016,0.00,48051.15,
North,4/28/2016,0.00,16856.01,
NorthCentral,4/28/2016,0.00,249243.85,
South,4/28/2016,0.00,68306.78,
SouthCentral,4/28/2016,0.00,127006.90,
Totals,4/28/2016,0.00,803209.68,
West,4/28/2016,0.00,22737.07,
Coast,4/29/2016,0.00,245132.48,
East,4/29/2016,0.00,27886.99,
FarWest,4/29/2016,0.00,47817.01,
North,4/29/2016,0.00,16814.59,
NorthCentral,4/29/2016,0.00,249044.74,
South,4/29/2016,0.00,68366.47,
SouthCentral,4/29/2016,0.00,129501.32,
Totals,4/29/2016,0.00,807481.15,
West,4/29/2016,0.00,22917.52,
Coast,4/30/2016,0.00,237098.62,
East,4/30/2016,0.00,24644.92,
FarWest,4/30/2016,0.00,46953.44,
North,4/30/2016,0.00,16336.15,
NorthCentral,4/30/2016,0.00,232633.32,
South,4/30/2016,0.00,67133.83,
SouthCentral,4/30/2016,0.00,120214.89,
Totals,4/30/2016,0.00,766487.56,
West,4/30/2016,0.00,21472.40,
Coast,5/1/2016,0.00,236092.33,
East,5/1/2016,0.00,24361.49,
FarWest,5/1/2016,0.00,47362.70,
North,5/1/2016,0.00,16456.32,
NorthCentral,5/1/2016,0.00,232916.38,
South,5/1/2016,0.00,67363.05,
SouthCentral,5/1/2016,0.00,120664.47,
Totals,5/1/2016,0.00,766946.20,
West,5/1/2016,0.00,21729.41,
Coast,5/2/2016,0.00,237645.30,
East,5/2/2016,0.00,27508.96,
FarWest,5/2/2016,0.00,48228.88,
North,5/2/2016,0.00,17017.83,
NorthCentral,5/2/2016,0.00,251313.85,
South,5/2/2016,0.00,66739.16,
SouthCentral,5/2/2016,0.00,125370.27,
Totals,5/2/2016,0.00,797917.03,
West,5/2/2016,0.00,24092.75,
Coast,5/3/2016,0.00,235763.80,
East,5/3/2016,0.00,27700.53,
FarWest,5/3/2016,0.00,47774.86,
North,5/3/2016,0.00,17102.79,
NorthCentral,5/3/2016,0.00,252451.27,
South,5/3/2016,0.00,64469.27,
SouthCentral,5/3/2016,0.00,124239.33,
Totals,5/3/2016,0.00,792631.29,
West,5/3/2016,0.00,23129.45,
Coast,5/4/2016,0.00,238197.87,
East,5/4/2016,0.00,27826.08,
FarWest,5/4/2016,0.00,47616.16,
North,5/4/2016,0.00,16977.73,
NorthCentral,5/4/2016,0.00,251284.10,
South,5/4/2016,0.00,65273.80,
SouthCentral,5/4/2016,0.00,125970.36,
Totals,5/4/2016,0.00,795868.74,
West,5/4/2016,0.00,22722.67,
Coast,5/5/2016,0.00,239149.55,
East,5/5/2016,0.00,27297.57,
FarWest,5/5/2016,0.00,47646.61,
North,5/5/2016,0.00,16862.89,
NorthCentral,5/5/2016,0.00,250109.31,
South,5/5/2016,0.00,65835.78,
SouthCentral,5/5/2016,0.00,124617.69,
Totals,5/5/2016,0.00,793955.03,
West,5/5/2016,0.00,22435.61,
Coast,5/6/2016,0.00,238639.25,
East,5/6/2016,0.00,27274.57,
FarWest,5/6/2016,0.00,47814.39,
North,5/6/2016,0.00,16784.61,
NorthCentral,5/6/2016,0.00,248795.48,
South,5/6/2016,0.00,66515.90,
SouthCentral,5/6/2016,0.00,125484.86,
Totals,5/6/2016,0.00,793824.66,
West,5/6/2016,0.00,22515.64,
Coast,5/7/2016,0.00,233462.17,
East,5/7/2016,0.00,24182.26,
FarWest,5/7/2016,0.00,46990.68,
North,5/7/2016,0.00,16347.42,
NorthCentral,5/7/2016,0.00,235130.76,
South,5/7/2016,0.00,66308.70,
SouthCentral,5/7/2016,0.00,120717.42,
Totals,5/7/2016,0.00,764962.45,
West,5/7/2016,0.00,21822.97,
Coast,5/8/2016,0.00,235940.62,
East,5/8/2016,0.00,24216.46,
FarWest,5/8/2016,0.00,46837.06,
North,5/8/2016,0.00,16390.77,
NorthCentral,5/8/2016,0.00,236515.58,
South,5/8/2016,0.00,67250.77,
SouthCentral,5/8/2016,0.00,121940.73,
Totals,5/8/2016,0.00,770885.56,
West,5/8/2016,0.00,21793.60,
Coast,5/9/2016,0.00,244689.49,
East,5/9/2016,0.00,27447.48,
FarWest,5/9/2016,0.00,47740.97,
North,5/9/2016,0.00,16797.55,
NorthCentral,5/9/2016,0.00,248931.34,
South,5/9/2016,0.00,68474.37,
SouthCentral,5/9/2016,0.00,127940.24,
Totals,5/9/2016,0.00,805086.03,
West,5/9/2016,0.00,23064.54,
Coast,5/10/2016,0.00,244846.28,
East,5/10/2016,0.00,27403.34,
FarWest,5/10/2016,0.00,47666.23,
North,5/10/2016,0.00,16790.02,
NorthCentral,5/10/2016,0.00,249090.82,
South,5/10/2016,0.00,68393.10,
SouthCentral,5/10/2016,0.00,127550.57,
Totals,5/10/2016,0.00,804612.99,
West,5/10/2016,0.00,22872.62,
